INSERT INTO Osoby (Imie, Nazwisko, Data_urodzenia, Kraj_pochodzenia) VALUES
('JAN', 'Kowalski', '1990-01-01', 'Polska'),
('Henryk', 'Sienkiewicz', '1846-05-05', 'Polska'),
('Amelia', 'Bielecka', '2007-04-04', 'Polska'),
('Adam', 'Mickiewicz', '1798-12-24', 'Polska'),
('Juliusz', 'Słowacki', '1809-09-04', 'Polska'),
('Bolesław', 'Prus', '1847-08-20', 'Polska'),
('Eliza', 'Orzeszkowa', '1841-06-06', 'Polska'),
('Władysław', 'Reymont', '1867-05-07', 'Polska'),
('Stanisław', 'Wyspiański', '1869-01-15', 'Polska'),
('Wisława', 'Szymborska', '1923-07-02', 'Polska'),
('Czesław', 'Miłosz', '1911-06-30', 'Polska'),
('Piotr', 'Kaczorowski', '2005-03-12', 'Polska'),
('Krzysztof', 'Krawczyk', '1946-09-08', 'Polska'),
('Marek', 'Kubale', '1946-07-02', 'Polska'),
('Piotr', 'Kaczorowski', '1958-02-23', 'Polska'),
('Fiodor', 'Dostojewski', '1821-11-11', 'Rosja'),
('Terry', 'Pratchett', '1948-04-28', 'Wielka Brytania'),
('John.', 'Tolkien', '1892-01-03', 'Wielka Brytania'),
('George', 'Orwell', '1903-06-25', 'Wielka Brytania'),
('William', 'Shakespeare', '1564-04-23', 'Wielka Brytania'),
('Joanne', 'Rowling', '1965-07-31', 'Wielka Brytania'),
('Isaac', 'Asimov', '1920-01-02', 'USA'),
('Adolf', 'Hitler', '1889-04-20', 'Austria'),
('Karol', 'May', '1842-02-25', 'Niemcy'),
('Józef', 'Stalin', '1999-02-25', 'Australia'),
('Karpomir', 'Hacjul', '2016-07-07', 'RPA'),
('Romcajs', 'Romcajski', '2015-08-26', 'Rosja'),
('Marika', 'Kolasińska', '2005-01-01', 'Polska'),
('Agata', 'Kowalska', '2000-02-02', 'Polska'),
('Agata', 'Romcajska', '2000-02-02', 'Polska'),
('Krzysztof', 'Kowalski', '2000-02-02', 'Polska'),
('Remigiusz', 'Mróz', '1987-12-15', 'Polska'),
('Maria', 'Curie', '1867-11-07', 'Polska'),
('Albert', 'Einstein', '1879-03-14', 'Niemcy'),
('Nikola', 'Tesla', '1856-07-10', 'Serbia'),
('Leonardo', 'da Vinci', '1452-04-15', 'Włochy'),
('Galileo', 'Galilei', '1564-02-15', 'Włochy'),
('Isaac', 'Newton', '1643-01-04', 'Wielka Brytania'),
('Charles', 'Darwin', '1809-02-12', 'Wielka Brytania'),
('Stephen', 'Hawking', '1942-01-08', 'Wielka Brytania'),
('Marie', 'Curie', '1867-11-07', 'Polska'),
('Thomas', 'Edison', '1847-02-11', 'USA'),
('Alexander', 'Graham Bell', '1847-03-03', 'Szkocja'),
('James', 'Watt', '1736-01-19', 'Szkocja'),
('Michael', 'Faraday', '1791-09-22', 'Wielka Brytania'),
('Louis', 'Pasteur', '1822-12-27', 'Francja'),
('Sigmund', 'Freud', '1856-05-06', 'Austria'),
('Gregor', 'Mendel', '1822-07-20', 'Czechy'),
('Niels', 'Bohr', '1885-10-07', 'Dania'),
('Max', 'Planck', '1858-04-23', 'Niemcy'),
('Erwin', 'Schrödinger', '1887-08-12', 'Austria'),
('Richard', 'Feynman', '1918-05-11', 'USA'),
('Janusz', 'Kowalski', '1990-01-01', 'Polska'),
('Anna', 'Nowak', '1985-03-15', 'Polska'),
('Paweł', 'Zieliński', '1978-11-22', 'Polska'),
('Katarzyna', 'Wiśniewska', '1992-07-30', 'Polska'),
('Michał', 'Wójcik', '1980-05-18', 'Polska'),
('Agnieszka', 'Kowalczyk', '1995-09-25', 'Polska'),
('Tomasz', 'Kamiński', '1983-12-12', 'Polska'),
('Barbara', 'Lewandowska', '1975-04-10', 'Polska'),
('Piotr', 'Szymański', '1990-08-08', 'Polska'),
('Magdalena', 'Dąbrowska', '1988-06-06', 'Polska'),
('Grzegorz', 'Zając', '1982-02-20', 'Polska'),
('Anna', 'Kowalska', '2005-05-15', 'Polska'),
('Jan', 'Nowak', '2006-06-20', 'Polska'),
('Maria', 'Wiśniewska', '2007-07-25', 'Polska'),
('Piotr', 'Wójcik', '2008-08-30', 'Polska'),
('Katarzyna', 'Kowalczyk', '2009-09-10', 'Polska'),
('Tomasz', 'Kamiński', '2010-10-15', 'Polska'),
('Barbara', 'Lewandowska', '2011-11-20', 'Polska'),
('Grzegorz', 'Zając', '2012-12-25', 'Polska'),
('Magdalena', 'Dąbrowska', '2013-01-30', 'Polska'),
('Michał', 'Szymański', '2014-02-05', 'Polska');

INSERT INTO Klienci (ID_klienta, email) VALUES
(1, 'owalski@xd.pl'),
(3, 'amiGami4@loveu.com'),
(12, '123pik1@pku.pl'),
(13, 'kkk@music,pl'),
(14, 'markubal@pg.edu.pl'),
(15, 'pkpk@alfa.pl'),
(26, 'jp100procent@badboy.pl'),
(27, 'rrowski@rr.ru'),
(28, 'markol@lol.pl'),
(29, 'aga2137@idol.com'),
(30, 'rom@romPoczta.com'),
(31, 'sprzedamOpla@janusz.pl'),
(32, 'mcurie@science.com'),
(33, 'aeinstein@relativity.com'),
(34, 'ntesla@electricity.com'),
(35, 'ldavinci@renaissance.com'),
(36, 'ggalilei@astronomy.com'),
(37, 'inewton@physics.com'),
(38, 'cdarwin@evolution.com'),
(39, 'shawking@cosmology.com'),
(40, 'tcurie@radioactivity.com'),
(41, 'tedison@invention.com'),
(42, 'agbell@communication.com'),
(43, 'jwatt@steam.com'),
(44, 'mfaraday@electromagnetism.com'),
(45, 'lpasteur@microbiology.com'),
(46, 'sfreud@psychoanalysis.com'),
(47, 'gmendel@genetics.com'),
(48, 'nbohr@quantum.com'),
(49, 'mplanck@quantumtheory.com'),
(50, 'eschrodinger@wave.com'),
(51, 'rfeynman@quantummechanics.com'),
(52, 'amelia.bielecka@youngmail.com'),
(53, 'piotr.kaczorowski@youngmail.com'),
(54, 'karpomir.hacjul@youngmail.com'),
(55, 'romcajs.romcajski@youngmail.com'),
(56, 'marika.kolasinska@youngmail.com'),
(57, 'anna.kowalska@youngmail.com'),
(58, 'jan.nowak@youngmail.com'),
(59, 'maria.wisniewska@youngmail.com'),
(60, 'piotr.wojcik@youngmail.com'),
(61, 'katarzyna.kowalczyk@youngmail.com'),
(62, 'tomasz.kaminski@youngmail.com'),
(63, 'barbara.lewandowska@youngmail.com'),
(64, 'grzegorz.zajac@youngmail.com'),
(65, 'magdalena.dabrowska@youngmail.com'),
(66, 'michal.szymanski@youngmail.com'),
(67, 'jan.kowalski@example.com'),
(68, 'anna.nowak@example.com'),
(69, 'pawel.zielinski@example.com'),
(70, 'katarzyna.wisniewska@example.com'),
(71, 'michal.wojcik@example.com'),
(72, 'agnieszka.kowalczyk@example.com'),
(73, 'tomasz.kaminski@example.com');



INSERT INTO Pracownicy (ID_pracownika, Data_rozpoczecia_pracy, Data_zakonczenia_pracy) VALUES
(2, '2019-01-01', '2020-01-01'),
(31, '2019-01-15', NULL),
(32, '2019-02-01', NULL),
(33, '2019-03-01', NULL),
(34, '2019-04-01', NULL),
(35, '2019-05-01', NULL),
(36, '2019-06-01', NULL),
(37, '2019-07-01', NULL),
(38, '2019-08-01', NULL),
(39, '2019-09-01', NULL),
(40, '2019-10-01', NULL),
(41, '2019-11-01', NULL),
(42, '2019-12-01', NULL),
(43, '2020-01-01', NULL),
(44, '2020-02-01', NULL),
(45, '2020-03-01', NULL),
(46, '2020-04-01', NULL),
(47, '2020-05-01', NULL),
(48, '2020-06-01', NULL),
(49, '2020-07-01', NULL),
(50, '2020-08-01', NULL),
(56, '2020-09-01', NULL);

INSERT INTO Wydawcy (Nazwa_wydawcy, Miasto_pochodzenia, Rok_zalozenia) VALUES
('WPN', 'Warszawa', '2000-01-01'),
('Penguin Books', 'Londyn', '1935-01-01'),
('HarperCollins', 'Nowy Jork', '1989-01-01'),
('Simon & Schuster', 'Nowy Jork', '1924-01-01'),
('Hachette Livre', 'Paryż', '1826-01-01'),
('Macmillan Publishers', 'Londyn', '1843-01-01'),
('Random House', 'Nowy Jork', '1927-01-01'),
('Scholastic', 'Nowy Jork', '1920-01-01'),
('Bloomsbury', 'Londyn', '1986-01-01'),
('Oxford University Press', 'Oxford', '1586-01-01'),
('Cambridge University Press', 'Cambridge', '1534-01-01'),
('Harlequin Enterprises', 'Toronto', '1949-01-01'),
('Pan Macmillan', 'Londyn', '1843-01-01'),
('Pearson Education', 'Londyn', '1844-01-01'),
('Springer', 'Berlin', '1842-01-01'),
('Elsevier', 'Amsterdam', '1880-01-01'),
('Wiley', 'Hoboken', '1807-01-01'),
('McGraw-Hill Education', 'Nowy Jork', '1888-01-01'),
('Cengage Learning', 'Boston', '2007-01-01'),
('Houghton Mifflin Harcourt', 'Boston', '1832-01-01'),
('Scholastic Corporation', 'Nowy Jork', '1920-01-01');

INSERT INTO Gatunki (Nazwa_gatunku) VALUES
('Przygodowe'),
('Science-fiction'),
('Fantasy'),
('Kryminał'),
('Horror'),
('Dramat'),
('Komedia'),
('Romans'),
('Biografia'),
('Historyczne'),
('Dokument'),
('Kultura'),
('Thriller'),
('Non-fiction'),
('Poezja'),
('Self-help'),
('Dla dzieci'),
('Młodzieżowe'),
('Klasyka'),
('Komiks');

INSERT INTO Ksiazki (ISBN, ID_autora, Tytul_ksiazki, Liczba_ksiazek, Mozliwosc_wypozyczenia, Kara_za_przetrzymanie, Wydawca) VALUES
('9999999999', 5, 'Alfa', 6, 1, 20.3 , 'WPN'),
('1234567890', 1, 'Przygody Tomka', 10, 1, 15.0, 'Penguin Books'),
('2345678901', 2, 'W pustyni i w puszczy', 5, 1, 10.0, 'HarperCollins'),
('3456789012', 3, 'Lalka', 8, 1, 12.5, 'Simon & Schuster'),
('4567890123', 4, 'Pan Tadeusz', 7, 1, 18.0, 'Hachette Livre'),
('5678901234', 6, 'Krzyżacy', 6, 1, 20.0, 'Macmillan Publishers'),
('6789012345', 7, 'Nad Niemnem', 4, 1, 14.0, 'Random House'),
('7890123456', 8, 'Chłopi', 9, 1, 16.0, 'Scholastic'),
('8901234567', 9, 'Wesele', 3, 1, 11.0, 'Bloomsbury'),
('9012345678', 10, 'Poezje', 12, 1, 13.0, 'Oxford University Press'),
('0123456789', 11, 'Zniewolony umysł', 5, 1, 17.0, 'Cambridge University Press'),
('1122334455', 12, 'Solaris', 8, 1, 19.0, 'Penguin Books'),
('2233445566', 13, 'Dzienniki gwiazdowe', 7, 1, 14.5, 'HarperCollins'),
('3344556677', 14, 'Bajki robotów', 6, 1, 12.0, 'Simon & Schuster'),
('4455667788', 15, 'Cyberiada', 5, 1, 18.5, 'Hachette Livre'),
('5566778899', 16, 'Opowieści o pilocie Pirxie', 4, 1, 16.0, 'Macmillan Publishers'),
('6677889900', 17, 'Eden', 3, 1, 20.0, 'Random House'),
('7788990011', 18, 'Powrót z gwiazd', 2, 1, 15.0, 'Scholastic'),
('8899001122', 19, 'Kongres futurologiczny', 1, 1, 13.5, 'Bloomsbury'),
('9900112233', 20, 'Głos Pana', 9, 1, 17.5, 'Oxford University Press'),
('0011223344', 21, 'Fiasko', 8, 1, 19.0, 'Cambridge University Press'),
('1122334456', 22, 'The Hobbit', 10, 1, 15.0, 'Penguin Books'),
('2233445567', 23, '1984', 8, 1, 12.5, 'HarperCollins'),
('3344556678', 24, 'Brave New World', 7, 1, 18.0, 'Simon & Schuster'),
('4455667789', 25, 'Fahrenheit 451', 6, 1, 20.0, 'Hachette Livre'),
('5566778890', 26, 'The Catcher in the Rye', 5, 1, 14.0, 'Macmillan Publishers'),
('6677889901', 27, 'To Kill a Mockingbird', 9, 1, 16.0, 'Random House'),
('7788990012', 28, 'Moby-Dick', 4, 1, 11.0, 'Scholastic'),
('8899001123', 29, 'War and Peace', 3, 1, 13.0, 'Bloomsbury'),
('9900112234', 30, 'Pride and Prejudice', 12, 1, 17.0, 'Oxford University Press'),
('0011223345', 31, 'The Great Gatsby', 8, 1, 19.0, 'Cambridge University Press'),
('2233445568', 32, 'The Road', 7, 1, 14.0, 'Penguin Books'),
('3344556679', 33, 'The Handmaid Tale', 6, 1, 18.0, 'HarperCollins'),
('4455667790', 34, 'The Alchemist', 5, 1, 20.0, 'Simon & Schuster'),
('5566778901', 35, 'Life of Pi', 9, 1, 16.0, 'Hachette Livre'),
('6677889012', 36, 'The Book Thief', 4, 1, 11.0, 'Macmillan Publishers'),
('7788990123', 37, 'The Kite Runner', 3, 1, 13.0, 'Random House'),
('8899001234', 38, 'The Catch-22', 12, 1, 17.0, 'Scholastic'),
('9900112345', 39, 'The Da Vinci Code', 8, 1, 19.0, 'Bloomsbury'),
('0011223456', 40, 'The Girl with the Dragon Tattoo', 10, 1, 15.0, 'Oxford University Press'),
('1122334567', 41, 'The Hunger Games', 7, 1, 12.5, 'Cambridge University Press');

INSERT INTO Przypisanie_gatunkow (Nazwa_gatunku, ISBN) VALUES
('Przygodowe', '9999999999'),
('Przygodowe', '2345678901'),
('Przygodowe', '3456789012'),
('Przygodowe', '4567890123'),
('Przygodowe', '5678901234'),
('Przygodowe', '6789012345'),
('Przygodowe', '7890123456'),
('Przygodowe', '8901234567'),
('Przygodowe', '9012345678'),
('Przygodowe', '0123456789'),
('Przygodowe', '1122334455'),
('Przygodowe', '2233445566'),
('Przygodowe', '3344556677'),
('Przygodowe', '4455667788'),
('Przygodowe', '5566778899'),
('Przygodowe', '6677889900'),
('Przygodowe', '7788990011'),
('Przygodowe', '8899001122'),
('Przygodowe', '9900112233'),
('Science-fiction', '9999999999'),
('Science-fiction', '1234567890'),
('Science-fiction', '2345678901'),
('Science-fiction', '3456789012'),
('Science-fiction', '4567890123'),
('Science-fiction', '5678901234'),
('Science-fiction', '6789012345'),
('Science-fiction', '7890123456'),
('Science-fiction', '8901234567'),
('Science-fiction', '9012345678'),
('Science-fiction', '0123456789'),
('Science-fiction', '1122334455'),
('Science-fiction', '2233445566'),
('Science-fiction', '3344556677'),
('Science-fiction', '4455667788'),
('Science-fiction', '5566778899'),
('Science-fiction', '6677889900'),
('Science-fiction', '7788990011'),
('Science-fiction', '8899001122'),
('Science-fiction', '9900112233'),
('Fantasy', '9999999999'),
('Fantasy', '1234567890'),
('Fantasy', '2345678901'),
('Fantasy', '3456789012'),
('Fantasy', '4567890123'),
('Fantasy', '5678901234'),
('Fantasy', '6789012345'),
('Fantasy', '7890123456'),
('Fantasy', '8901234567'),
('Fantasy', '9012345678'),
('Fantasy', '0123456789'),
('Fantasy', '1122334455'),
('Fantasy', '2233445566'),
('Fantasy', '3344556677'),
('Fantasy', '4455667788'),
('Fantasy', '5566778899'),
('Fantasy', '6677889900'),
('Fantasy', '7788990011'),
('Fantasy', '8899001122'),
('Fantasy', '9900112233'),
('Przygodowe', '0011223344');

INSERT INTO Rezerwacje (Data_przewidywanego_wypozyczenia, ID_klienta, ISBN) VALUES
('2020-08-12', 31, '9999999999'),
('2020-08-13', 32, '1234567890'),
('2020-08-14', 33, '2345678901'),
('2020-08-15', 34, '3456789012'),
('2020-08-16', 35, '4567890123'),
('2020-08-17', 36, '5678901234'),
('2020-08-18', 37, '6789012345'),
('2020-08-19', 38, '7890123456'),
('2020-08-20', 39, '8901234567'),
('2020-08-21', 40, '9012345678'),
('2020-08-22', 41, '0123456789'),
('2020-08-23', 42, '1122334455'),
('2020-08-24', 43, '2233445566'),
('2020-08-25', 44, '3344556677'),
('2020-08-26', 45, '4455667788'),
('2020-08-27', 46, '5566778899'),
('2020-08-28', 47, '6677889900'),
('2020-08-29', 48, '7788990011'),
('2020-08-30', 49, '8899001122'),
('2020-08-31', 50, '9900112233'),
('2020-09-01', 51, '0011223344'),
('2020-09-02', 31, '9999999999'),
('2020-09-03', 32, '1234567890'),
('2020-09-04', 33, '2345678901'),
('2020-09-05', 34, '3456789012'),
('2020-09-06', 35, '4567890123'),
('2020-09-07', 36, '5678901234'),
('2020-09-08', 37, '6789012345'),
('2020-09-09', 38, '1122334455'),
('2020-09-10', 39, '2233445566'),
('2020-09-11', 40, '3344556677'),
('2020-09-12', 41, '4455667788'),
('2020-09-13', 42, '5566778899'),
('2020-09-14', 43, '6677889900'),
('2020-09-15', 44, '7788990011'),
('2020-09-16', 45, '8899001122'),
('2020-09-17', 46, '9900112233'),
('2020-09-18', 47, '0011223344'),
('2020-09-19', 48, '9999999999'),
('2020-09-20', 49, '1234567890'),
('2020-09-21', 50, '2345678901'),
('2020-09-22', 51, '3456789012'),
('2020-09-23', 31, '4567890123'),
('2020-09-24', 32, '5678901234'),
('2020-09-25', 33, '6789012345'),
('2020-09-26', 34, '7890123456'),
('2020-09-27', 35, '8901234567'),
('2020-09-28', 36, '9012345678'),
('2020-09-29', 37, '0123456789'),
('2020-09-30', 38, '1122334455'),
('2020-10-01', 39, '2233445566'),
('2020-10-02', 40, '3344556677'),
('2020-10-03', 41, '4455667788'),
('2020-10-04', 42, '5566778899'),
('2020-10-05', 43, '6677889900'),
('2020-10-06', 44, '7788990011'),
('2020-10-07', 45, '8899001122'),
('2020-10-08', 46, '9900112233'),
('2020-10-09', 47, '0011223344'),
('2020-10-10', 48, '9999999999'),
('2020-10-11', 49, '1234567890'),
('2020-10-12', 50, '2345678901'),
('2020-10-13', 51, '3456789012'),
('2020-10-14', 52, '4567890123'),
('2020-10-15', 53, '5678901234'),
('2020-10-16', 54, '6789012345'),
('2020-10-17', 55, '7890123456'),
('2020-10-18', 56, '8901234567'),
('2020-10-19', 57, '9012345678'),
('2020-10-20', 58, '0123456789'),
('2020-10-21', 59, '1122334455'),
('2020-10-22', 60, '2233445566'),
('2020-10-23', 61, '3344556677'),
('2020-10-24', 62, '4455667788'),
('2020-10-25', 63, '5566778899'),
('2020-10-26', 64, '6677889900'),
('2020-10-27', 65, '7788990011'),
('2020-10-28', 66, '8899001122'),
('2020-10-29', 31, '4455667788'),
('2020-10-30', 32, '5566778899'),
('2020-10-31', 33, '6677889900'),
('2020-11-01', 34, '7788990011'),
('2020-11-02', 35, '8899001122'),
('2020-11-03', 36, '9900112233'),
('2020-11-04', 37, '0011223344'),
('2020-11-05', 38, '1122334455'),
('2020-11-06', 39, '2233445566'),
('2020-11-07', 40, '3344556677'),
('2020-11-08', 41, '4455667788'),
('2020-11-09', 42, '5566778899'),
('2020-11-10', 43, '6677889900'),
('2020-11-11', 44, '7788990011'),
('2020-11-12', 45, '8899001122'),
('2020-11-13', 46, '9900112233'),
('2020-11-14', 47, '0011223344'),
('2020-11-15', 48, '1122334455'),
('2020-11-16', 49, '2233445566'),
('2020-11-17', 50, '3344556677'),
('2020-11-18', 51, '4455667788'),
('2020-11-19', 31, '5566778899'),
('2020-11-20', 32, '6677889900'),
('2020-11-21', 33, '7788990011'),
('2020-11-22', 34, '8899001122'),
('2020-11-23', 35, '9900112233'),
('2020-11-24', 36, '0011223344'),
('2020-11-25', 37, '1122334455'),
('2020-11-26', 38, '2233445566'),
('2020-11-27', 39, '3344556677'),
('2020-11-28', 40, '4455667788'),
('2020-11-29', 41, '5566778899'),
('2020-11-30', 42, '6677889900'),
('2020-12-01', 43, '7788990011'),
('2020-12-02', 44, '8899001122'),
('2020-12-03', 45, '9900112233'),
('2020-12-04', 46, '0011223344'),
('2020-12-05', 47, '1122334455'),
('2020-12-06', 48, '2233445566'),
('2020-12-07', 49, '3344556677'),
('2020-12-08', 50, '4455667788'),
('2020-12-09', 51, '5566778899'),
('2020-12-10', 31, '6677889900'),
('2020-12-11', 32, '7788990011'),
('2020-12-12', 33, '8899001122'),
('2020-12-13', 34, '9900112233'),
('2020-12-14', 35, '0011223344'),
('2020-12-15', 36, '1122334455'),
('2020-12-16', 37, '2233445566'),
('2020-12-17', 38, '3344556677'),
('2020-12-18', 39, '4455667788'),
('2020-12-19', 40, '5566778899'),
('2020-12-20', 41, '6677889900'),
('2020-12-21', 42, '7788990011'),
('2020-12-22', 43, '8899001122'),
('2020-12-23', 44, '9900112233'),
('2020-12-24', 45, '0011223344'),
('2020-12-25', 46, '1122334455'),
('2020-12-26', 47, '2233445566'),
('2020-12-27', 48, '3344556677'),
('2020-12-28', 49, '4455667788'),
('2020-12-29', 50, '5566778899'),
('2020-12-30', 51, '6677889900'),
('2020-12-31', 31, '7788990011'),
('2021-01-01', 32, '8899001122'),
('2021-01-02', 33, '9900112233'),
('2021-01-03', 34, '0011223344'),
('2021-01-04', 35, '1122334455'),
('2021-01-05', 36, '2233445566'),
('2021-01-06', 37, '3344556677'),
('2021-01-07', 38, '4455667788'),
('2021-01-08', 39, '5566778899'),
('2021-01-09', 40, '6677889900'),
('2021-01-10', 41, '7788990011'),
('2021-01-11', 42, '8899001122'),
('2021-01-12', 43, '9900112233'),
('2021-01-13', 44, '0011223344'),
('2021-01-14', 45, '1122334455'),
('2021-01-15', 46, '2233445566'),
('2021-01-16', 47, '3344556677'),
('2021-01-17', 48, '4455667788'),
('2021-01-18', 49, '5566778899'),
('2021-01-19', 50, '6677889900'),
('2021-01-20', 51, '7788990011');
INSERT INTO Rezerwacje (Data_przewidywanego_wypozyczenia, ID_klienta, ISBN) VALUES
('2020-12-10', 31, '6677889900'),
('2020-12-11', 32, '7788990011'),
('2020-12-12', 33, '8899001122'),
('2020-12-13', 34, '9900112233'),
('2020-12-14', 35, '0011223344'),
('2020-12-15', 36, '1122334455'),
('2020-12-16', 37, '2233445566'),
('2020-12-17', 38, '3344556677'),
('2020-12-18', 39, '4455667788'),
('2020-12-19', 40, '5566778899'),
('2020-12-20', 41, '6677889900'),
('2020-12-21', 42, '7788990011'),
('2020-12-22', 43, '8899001122'),
('2020-12-23', 44, '9900112233'),
('2020-12-24', 45, '0011223344'),
('2020-12-25', 46, '1122334455'),
('2020-12-26', 47, '2233445566'),
('2020-12-27', 48, '3344556677'),
('2020-12-28', 49, '4455667788'),
('2020-12-29', 50, '5566778899'),
('2020-12-30', 51, '6677889900'),
('2020-12-31', 31, '7788990011'),
('2021-01-01', 32, '8899001122'),
('2021-01-02', 33, '9900112233'),
('2021-01-03', 34, '0011223344'),
('2021-01-04', 35, '1122334455'),
('2021-01-05', 36, '2233445566'),
('2021-01-06', 37, '3344556677'),
('2021-01-07', 38, '4455667788'),
('2021-01-08', 39, '5566778899'),
('2021-01-09', 40, '6677889900'),
('2021-01-10', 41, '7788990011'),
('2021-01-11', 42, '8899001122'),
('2021-01-12', 43, '9900112233'),
('2021-01-13', 44, '0011223344'),
('2021-01-14', 45, '1122334455'),
('2021-01-15', 46, '2233445566'),
('2021-01-16', 47, '3344556677'),
('2021-01-17', 48, '4455667788'),
('2021-01-18', 49, '5566778899'),
('2021-01-19', 50, '6677889900'),
('2021-01-20', 51, '7788990011'),
('2021-01-21', 68, '3344556677'),
('2021-01-22', 69, '4455667788'),
('2021-01-23', 70, '5566778899'),
('2021-01-24', 71, '6677889900'),
('2021-01-25', 72, '7788990011'),
('2021-01-26', 73, '8899001122'),
('2021-01-27', 67, '5566778899'),
('2021-01-28', 68, '6677889900'),
('2021-01-29', 69, '7788990011'),
('2021-01-30', 70, '8899001122'),
('2021-01-31', 71, '9900112233'),
('2021-02-01', 72, '0011223344'),
('2021-02-02', 73, '1122334455');





INSERT INTO Wypozyczenia (ID_rezerwacji, Data_wypozyczenia, Termin_oddania) VALUES
(1,'2025-10-17', '2025-10-21'),
(2, '2025-10-18', '2025-10-22'),
(3, '2025-10-19', '2025-10-23'),
(4, '2025-10-20', '2025-10-24'),
(5, '2025-10-21', '2025-10-25'),
(6, '2025-10-22', '2025-10-26'),
(7, '2025-10-23', '2025-10-27'),
(8, '2025-10-24', '2025-10-28'),
(9, '2025-10-25', '2025-10-29'),
(10, '2025-10-26', '2025-10-30'),
(11, '2025-10-27', '2025-10-31'),
(12, '2025-10-28', '2025-11-01'),
(13, '2025-10-29', '2025-11-02'),
(14, '2025-10-30', '2025-11-03'),
(15, '2025-10-31', '2025-11-04'),
(16, '2025-11-01', '2025-11-05'),
(17, '2025-11-02', '2025-11-06'),
(18, '2025-11-03', '2025-11-07'),
(19, '2025-11-04', '2025-11-08'),
(20, '2025-11-05', '2025-11-09'),
(21, '2025-11-06', '2025-11-10'),
(22, '2025-11-07', '2025-11-11'),
(23, '2025-11-08', '2025-11-12'),
(24, '2025-11-09', '2025-11-13'),
(25, '2025-11-10', '2025-11-14'),
(26, '2025-11-11', '2025-11-15'),
(27, '2025-11-12', '2025-11-16'),
(28, '2025-11-13', '2025-11-17'),
(29, '2025-11-14', '2025-11-18'),
(30, '2025-11-15', '2025-11-19'),
(31, '2025-11-16', '2025-11-20'),
(32, '2025-11-17', '2025-11-21'),
(33, '2025-11-18', '2025-11-22'),
(34, '2025-11-19', '2025-11-23'),
(35, '2025-11-20', '2025-11-24'),
(36, '2025-11-21', '2025-11-25'),
(37, '2025-11-22', '2025-11-26'),
(38, '2025-11-23', '2025-11-27'),
(39, '2025-11-24', '2025-11-28'),
(40, '2025-11-25', '2025-11-29'),
(41, '2025-11-26', '2025-11-30'),
(42, '2025-11-27', '2025-12-01'),
(43, '2025-11-28', '2025-12-02'),
(44, '2025-11-29', '2025-12-03'),
(45, '2025-11-30', '2025-12-04'),
(46, '2025-12-01', '2025-12-05'),
(47, '2025-12-02', '2025-12-06'),
(48, '2025-12-03', '2025-12-07'),
(49, '2025-12-04', '2025-12-08'),
(50, '2025-12-05', '2025-12-09'),
(51, '2025-12-06', '2025-12-10'),
(52, '2025-12-07', '2025-12-11'),
(53, '2025-12-08', '2025-12-12'),
(54, '2025-12-09', '2025-12-13'),
(55, '2025-12-10', '2025-12-14'),
(56, '2025-12-11', '2025-12-15'),
(57, '2025-12-12', '2025-12-16'),
(58, '2025-12-13', '2025-12-17'),
(59, '2025-12-14', '2025-12-18'),
(60, '2025-12-15', '2025-12-19'),
(61, '2025-12-16', '2025-12-20'),
(62, '2025-12-17', '2025-12-21'),
(63, '2025-12-18', '2025-12-22'),
(64, '2025-12-19', '2025-12-23'),
(65, '2025-12-20', '2025-12-24'),
(66, '2025-12-21', '2025-12-25'),
(67, '2025-12-22', '2025-12-26'),
(68, '2025-12-23', '2025-12-27'),
(69, '2025-12-24', '2025-12-28'),
(70, '2025-12-25', '2025-12-29'),
(71, '2025-12-26', '2025-12-30'),
(72, '2025-12-27', '2025-12-31'),
(73, '2025-12-28', '2026-01-01'),
(74, '2025-12-29', '2026-01-02'),
(75, '2025-12-30', '2026-01-03'),
(76, '2025-12-31', '2026-01-04'),
(77, '2026-01-01', '2026-01-05'),
(78, '2026-01-02', '2026-01-06'),
(79, '2026-01-03', '2026-01-07'),
(80, '2026-01-04', '2026-01-08'),
(81, '2026-01-05', '2026-01-09'),
(82, '2026-01-06', '2026-01-10'),
(83, '2026-01-07', '2026-01-11'),
(84, '2026-01-08', '2026-01-12'),
(85, '2026-01-09', '2026-01-13'),
(86, '2026-01-10', '2026-01-14'),
(87, '2026-01-11', '2026-01-15'),
(88, '2026-01-12', '2026-01-16'),
(89, '2026-01-13', '2026-01-17'),
(90, '2026-01-14', '2026-01-18'),
(91, '2026-01-15', '2026-01-19'),
(92, '2026-01-16', '2026-01-20'),
(93, '2026-01-17', '2026-01-21'),
(94, '2026-01-18', '2026-01-22'),
(95, '2026-01-19', '2026-01-23'),
(96, '2026-01-20', '2026-01-24'),
(97, '2026-01-21', '2026-01-25'),
(98, '2026-01-22', '2026-01-26'),
(99, '2026-01-23', '2026-01-27'),
(100, '2026-01-24', '2026-01-28'),
(101, '2026-01-25', '2026-01-29'),
(102, '2026-01-26', '2026-01-30'),
(103, '2026-01-27', '2026-01-31'),
(104, '2026-01-28', '2026-02-01'),
(105, '2026-01-29', '2026-02-02'),
(106, '2026-01-30', '2026-02-03'),
(107, '2026-01-31', '2026-02-04'),
(108, '2026-02-01', '2026-02-05'),
(109, '2026-02-02', '2026-02-06'),
(110, '2026-02-03', '2026-02-07'),
(111, '2026-02-04', '2026-02-08'),
(112, '2026-02-05', '2026-02-09'),
(113, '2026-02-06', '2026-02-10'),
(114, '2026-02-07', '2026-02-11'),
(115, '2026-02-08', '2026-02-12'),
(116, '2026-02-09', '2026-02-13'),
(117, '2026-02-10', '2026-02-14'),
(118, '2026-02-11', '2026-02-15'),
(119, '2026-02-12', '2026-02-16'),
(120, '2026-02-13', '2026-02-17'),
(121, '2026-02-14', '2026-02-18'),
(122, '2026-02-15', '2026-02-19'),
(123, '2026-02-16', '2026-02-20'),
(124, '2026-02-17', '2026-02-21'),
(125, '2026-02-18', '2026-02-22'),
(126, '2026-02-19', '2026-02-23'),
(127, '2026-02-20', '2026-02-24'),
(128, '2026-02-21', '2026-02-25'),
(129, '2026-02-22', '2026-02-26'),
(130, '2026-02-23', '2026-02-27'),
(131, '2026-02-24', '2026-02-28'),
(132, '2026-02-25', '2026-03-01'),
(133, '2026-02-26', '2026-03-02'),
(134, '2026-02-27', '2026-03-03'),
(135, '2026-02-28', '2026-03-04'),
(136, '2026-03-01', '2026-03-05'),
(137, '2026-03-02', '2026-03-06'),
(138, '2026-03-03', '2026-03-07'),
(139, '2026-03-04', '2026-03-08'),
(140, '2026-03-05', '2026-03-09'),
(141, '2026-03-06', '2026-03-10'),
(142, '2026-03-07', '2026-03-11'),
(143, '2026-03-08', '2026-03-12'),
(144, '2026-03-09', '2026-03-13'),
(145, '2026-03-10', '2026-03-14'),
(146, '2026-03-11', '2026-03-15'),
(147, '2026-03-12', '2026-03-16'),
(148, '2026-03-13', '2026-03-17'),
(149, '2026-03-14', '2026-03-18'),
(150, '2026-03-15', '2026-03-19');

INSERT INTO Wypozyczenia(ID_rezerwacji,Data_wypozyczenia,Termin_oddania) VALUES
(190,'2021-03-16', '2025-03-20'),
(191, '2021-03-17', '2025-03-21'),
(192, '2021-03-18', '2025-03-22'),
(193, '2021-03-19', '2025-03-23'),
(194, '2021-03-20', '2025-03-24'),
(195, '2021-03-21', '2025-03-25'),
(196, '2021-03-22', '2025-03-26'),
(197, '2021-03-23', '2025-03-27'),
(198, '2021-03-24', '2025-03-28'),
(199, '2021-03-25', '2025-03-29'),
(200, '2021-03-26', '2025-03-30'),
(201, '2021-03-27', '2025-03-31'),
(202, '2021-03-28', '2025-04-01'),
(203, '2021-03-29', '2025-04-02'),
(204, '2021-03-30', '2025-04-03'),
(205, '2021-03-31', '2025-04-04'),
(206, '2021-04-01', '2025-04-05'),
(207, '2021-04-02', '2025-04-06'),
(208, '2021-04-03', '2025-04-07'),
(209, '2021-04-04', '2025-04-08'),
(210, '2021-04-05', '2025-04-09'),
(211, '2021-04-06', '2025-04-10'),
(212, '2021-04-07', '2025-04-11'),
(213, '2021-04-08', '2025-04-12'),
(214, '2021-04-09', '2025-04-13'),
(215, '2021-04-10', '2025-04-14'),
(216, '2021-04-11', '2025-04-15'),
(217, '2021-04-12', '2025-04-16');


INSERT INTO Kary (Wysokosc_kary, Termin_zaplaty, ID_rezerwacji) VALUES
(600, '2021-09-01', 1),
(300, '2021-09-02', 2),
(150, '2021-09-03', 3),
(200, '2021-09-04', 4),
(250, '2021-09-05', 5),
(100, '2021-09-06', 6),
(350, '2021-09-07', 7),
(400, '2021-09-08', 8),
(450, '2021-09-09', 9),
(500, '2021-09-10', 10),
(550, '2021-09-11', 11),
(600, '2021-09-12', 12),
(650, '2021-09-13', 13),
(700, '2021-09-14', 14),
(750, '2021-09-15', 15),
(800, '2021-09-16', 16),
(850, '2021-09-17', 17),
(900, '2021-09-18', 18),
(950, '2021-09-19', 19),
(1000, '2021-09-20', 20),
(1050, '2021-09-21', 21),
(1100, '2021-09-22', 22),
(1150, '2021-09-23', 23),
(1200, '2021-09-24', 24),
(1250, '2021-09-25', 25),
(1300, '2021-09-26', 26),
(1350, '2021-09-27', 27),
(1400, '2021-09-28', 28),
(1450, '2021-09-29', 29),
(1500, '2021-09-30', 30),
(1550, '2021-10-01', 31),
(1600, '2021-10-02', 32),
(1650, '2021-10-03', 33),
(1700, '2021-10-04', 34),
(1750, '2021-10-05', 35),
(1800, '2021-10-06', 36),
(1850, '2021-10-07', 37),
(1900, '2021-10-08', 38),
(1950, '2021-10-09', 39),
(2000, '2021-10-10', 40),
(2050, '2021-10-11', 41),
(2100, '2021-10-12', 42),
(2150, '2021-10-13', 43),
(2200, '2021-10-14', 44),
(2250, '2021-10-15', 45),
(2300, '2021-10-16', 46),
(2350, '2021-10-17', 47);
